{
	"certificate":{
	"certificat_de_divort":{
		   
		    "Numarul" : "7575559",
             "Din_data_de": "2017.04.28",
             "Casatoria_inregistrata_la_Primaria" : "Municipiului Slatina",
              "Judetul":"OLT",
              "Numarul_actului_de_casatorie" : " 3422443",
              "Din_data_de"  :"2014.10.23",
              "Privind_pe_sotul" :"Mitrache Sorin",
              "Nascut_la_data_de" : "1983.12.12",
              "In_Localitatea" : "Slatina",
              "Judetul": "OLT",
			  "CNP" :"1831212275742",
			  "Fiul_lui":"Mitrache Aurel Mitrache Ioana",
			  "Domiciuliul" : "Slatina",
			  "Judetul":"OLT",
			  "Si_sotia": "Mitrache Maria",
			  "Nascuta_la_data_de": "1982.08.13",
			   "In_Localitatea":"Slatina",
			   "Judetul":"OLT",
			   "CNP": "2820813284572",
			   "Fiica_lui": "Stancu Constantina Stancu Ilie",
			    "Domiciuliul": "Slatina",
			    "Judetul" : "OLT",
			    "Este_desfacut_in_temeiul_art.38*1_din_Codul_Familiei_cu modificarile_si_completarile_anterioare":"prin acordul ambilor soti.",
			    "Divortul_a_fost_inregistrat_la_Primaria" :"Municipiului Slatina",
			"Judetul": "OLT",
			"Numele_dupa_divort_fostul_sot": "Mitrache Sorin",
			"Numele_dupa_divort_fosta_sotie": "Stancu Maria",
			"Prezentul_certificat_de_divort_produce_efecte_intre_parti_de_azi":"2017.04.28",
			"Semnatura_Ofiter_de_stare_civila": "Popescu Ion",
			"Semnatura_fostul_sot" : "Mitrache Sorin",
			"Semnatura_fosta_sotie": "Stancu Maria"


			












		}
	}
}