{
	"diplome":{
	"diploma_de_inginer":{
	         "Seria" : "H",
	         "Nr":"0018240",
	         "Universitate" : "UNIVERSITATEA TEHNICA GHEORGHE ASACHI",
	         "Pe_baza_promovarii_examenului_din_sesiunea" : "IUNIE",
	         "Anul" : "2009",
	         "La_propunerea_facultatii_de" : "CONSTRUCTII SI INTALATII",
	         "Dl" : "SCURTU I.IOAN COSMIN",
	         "Nascut_in_anul": "1983",
	         "Luna": "APRILIE",
	         "Ziua": "18",
	         "In_Localitatea": "IASI",
	         "Judetul":"IASI",
	         "Tara" : "ROMANIA",
	         "Absolvent_al":"Universitatii Tehnice Gheorghe Asachi,Facultatea de Constructii si Instalatii",
	         "titlul_de":"INGINER DIPLOMAT",
	         "In_domeniul" : "INGINERIE CIVILA",
	         "Specializarea" : "INGINERIE CIVILIA(IN LIMBA ENGLEZA)",
	         "Durata_studiilor" : "5 ani",
	         "Titularului_acestei_diplome_i_se_acorda" : "toate drepturile legale",
	         "RECTOR": "Simion Gabriel",
	         "SECRETAR_SEF" : "Adriana Lauran",
	         "DECAN" : "Tataroiu Alin",
	         "Nr":"79535",
	         "Din":"2010.07.16"
	        




  
		}
	
}
}